{"trunk": {"center": [0, 0.6, 0], "radius": 0.1267517085593543, "height": 2.008739197363162}, "crown": {"center": [0, 2.608489037538762, 0], "radius": 0.5997498401756001, "height": 0.9283100047169497}}