{"trunk": {"center": [0, 0.6, 0], "radius": 0.17931367567849435, "height": 1.4112347165815944}, "crown": {"center": [0, 1.9111238647702602, 0], "radius": 0.4998891481886658, "height": 0.5950936770971028}}