{"trunk": {"center": [0, 0.6, 0], "radius": 0.18298652330242676, "height": 1.562180629742915}, "crown": {"center": [0, 2.193163902089594, 0], "radius": 0.6309832723466788, "height": 0.7651840611271011}}