{"trunk": {"center": [0, 0.6, 0], "radius": 0.18324593300539405, "height": 1.6733761627992096}, "crown": {"center": [0, 2.314736923393377, 0], "radius": 0.6413607605941675, "height": 1.0657826175517882}}