{"trunk": {"center": [0, 0.6, 0], "radius": 0.20004913668025986, "height": 1.909625400221082}, "crown": {"center": [0, 2.367873025830264, 0], "radius": 0.4582476256091821, "height": 0.7278176915507809}}