{"trunk": {"center": [0, 0.6511612926080756, 0], "radius": 0.12482823332341823, "height": 1.3023225852161513}, "crown": {"center": [0, 1.8695298215804592, 0], "radius": 0.5672072363643079, "height": 0.732887666870259}}