{"trunk": {"center": [0, 0.6089629832173988, 0], "radius": 0.22842215736548654, "height": 1.2179259664347977}, "crown": {"center": [0, 1.6606789062950058, 0], "radius": 0.44275293986020814, "height": 0.7769319130694279}}