{"trunk": {"center": [0, 0.9319558608783489, 0], "radius": 0.18168627314962055, "height": 1.8639117217566978}, "crown": {"center": [0, 2.435710746261794, 0], "radius": 0.571799024505096, "height": 0.8970237238516583}}