{"trunk": {"center": [0, 0.7872700594236812, 0], "radius": 0.2435928598332891, "height": 1.5745401188473624}, "crown": {"center": [0, 2.194138301390784, 0], "radius": 0.6195981825434215, "height": 1.0944495997184454}}