{"trunk": {"center": [0, 0.9656042197763022, 0], "radius": 0.1869191053455479, "height": 1.9312084395526044}, "crown": {"center": [0, 2.553451969089184, 0], "radius": 0.6222435295365797, "height": 1.2612008701866044}}