{"trunk": {"center": [0, 0.6, 0], "radius": 0.20470162880690568, "height": 2.1307910472420857}, "crown": {"center": [0, 2.540760758647137, 0], "radius": 0.4099697114050512, "height": 1.4513813570831464}}