{"trunk": {"center": [0, 0.6, 0], "radius": 0.1749549216041788, "height": 1.8120043391718639}, "crown": {"center": [0, 2.2409907605102655, 0], "radius": 0.4289864213384017, "height": 1.0508847073358714}}